{
    "Clock" : {
        "active": true
    },
    "Incomings": {
        "active": true,
        "notify": {
            "active": true,
            "icon": null
        },
        "sounds": {
            "active": true,
            "attack": { 
                "active": true,
                "sound": "https://raw.githubusercontent.com/UnrecognizedBR/public/master/sounds/Attack-3s.mp3"
            },
            "snob": { 
                "active": true,
                "sound": "https://raw.githubusercontent.com/UnrecognizedBR/public/master/sounds/Snob-4s.mp3"
            }
        }
    }
}