[
  {
    "id": 1,
    "priority": 1,
    "action": {
      "type": "block"
    },
    "condition": {
      "urlFilter": "/st/",
      "resourceTypes": ["image"]
    }
  },
  {
    "id": 2,
    "priority": 2,
    "action": {
      "type": "redirect",
      "redirect": {
        "url": "https://dsbr.innogamescdn.com/asset/9921a33b/graphic/events/gift_spring/logo.png"
      }
    },
    "condition": {
      "urlFilter": "/st/",
      "resourceTypes": ["image"]
    }
  },
  {
    "id": 3,
    "priority": 3,
    "action": {
      "type": "modifyHeaders",
      "requestHeaders": [
        {
          "header": "user-agent",
          "operation": "remove"
        },
        {
          "header": "referer",
          "operation": "remove"
        },
        {
          "header": "sec-ch-ua",
          "operation": "remove"
        }
      ]
    },
    "condition": {
      "resourceTypes": ["csp_report", "font", "image", "main_frame", "media", "object", "other", "ping", "script", "stylesheet", "sub_frame", "webbundle", "websocket", "webtransport", "xmlhttprequest"]
    }
  },
  {
    "id": 5,
    "priority": 1,
    "action": {
      "type": "block"
    },
    "condition": {
      "urlFilter": "gpt",
      "resourceTypes": ["main_frame", "sub_frame", "script"]
    }
  }
]
